Patient;Gen;Protein Change;Gene Expression;Mutation Type;
P1;BRAF;V600E;155,19;Missense_Mutation;
P1;PTEN;no alteration;1873,1;No_Mutation;
P1;STK11;no alteration;1059,43;No_Mutation;
P2;BRAF;V600E;60,0649;Missense_Mutation;
P2;PTEN;R130*;213,636;Nonsense_Mutation;
P2;STK11;no alteration;1447,08;No_Mutation;
P3;BRAF;V600K;331,637;Missense_Mutation;
P3;PTEN;no alteration;1358,34;No_Mutation;
P3;STK11;no alteration;1043,44;No_Mutation;
P4;BRAF;V600E;180,113;Missense_Mutation;
P4;PTEN;L108P;511,802;Missense_Mutation;
P4;STK11;no alteration;770,938;No_Mutation;
P5;BRAF;V600E;173,59;Missense_Mutation;
P5;PTEN;R130L;1361,13;Missense_Mutation;
P5;STK11;no alteration;1508,61;No_Mutation;
P6;BRAF;V600K;358,68;Missense_Mutation;
P6;PTEN;V166Sfs*14;465,315;Frame_Shift_Ins;
P6;STK11;no alteration;1387,47;No_Mutation;
P7;BRAF;V600E;382,342;Missense_Mutation;
P7;PTEN;no alteration;1157,5;No_Mutation;
P7;STK11;no alteration;1196,03;No_Mutation;
P8;BRAF;V600E;345,248;Missense_Mutation;
P8;PTEN;no alteration;54,149;No_Mutation;
P8;STK11;no alteration;1164,4;No_Mutation;
P9;BRAF;V600E;237,045;Missense_Mutation;
P9;PTEN;no alteration;710,072;No_Mutation;
P9;STK11;no alteration;1336,43;No_Mutation;
P10;BRAF;V600E;144,735;Missense_Mutation;
P10;PTEN;no alteration;1457,24;No_Mutation;
P10;STK11;no alteration;967,784;No_Mutation;
P11;BRAF;V600R;448,01;Missense_Mutation;
P11;PTEN;no alteration;2358,96;No_Mutation;
P11;STK11;no alteration;650,497;No_Mutation;
P12;BRAF;V600E;215,574;Missense_Mutation;
P12;PTEN;no alteration;893,973;No_Mutation;
P12;STK11;no alteration;1458,42;No_Mutation;
P13;BRAF;V600K;156,589;Missense_Mutation;
P13;PTEN;no alteration;1288,08;No_Mutation;
P13;STK11;no alteration;1038,51;No_Mutation;
P14;BRAF;V600E;181,421;Missense_Mutation;
P14;PTEN;no alteration;226,677;No_Mutation;
P14;STK11;no alteration;881,302;No_Mutation;
P15;BRAF;V600E;250,714;Missense_Mutation;
P15;PTEN;no alteration;1035,41;No_Mutation;
P15;STK11;no alteration;1385,49;No_Mutation;
P16;BRAF;V600K;238,004;Missense_Mutation;
P16;PTEN;no alteration;3485,13;No_Mutation;
P16;STK11;no alteration;1128,35;No_Mutation;
P17;BRAF;V600E;290,605;Missense_Mutation;
P17;PTEN;no alteration;1123,41;No_Mutation;
P17;STK11;no alteration;1208,2;No_Mutation;
P18;BRAF;V600E;379,546;Missense_Mutation;
P18;PTEN;no alteration;1233,59;No_Mutation;
P18;STK11;no alteration;1168,96;No_Mutation;
P19;BRAF;L245F;243,071;Missense_Mutation;
P19;PTEN;no alteration;2100,88;No_Mutation;
P19;STK11;no alteration;857,979;No_Mutation;
P20;BRAF;V600E;144,124;Missense_Mutation;
P20;PTEN;no alteration;730,229;No_Mutation;
P20;STK11;no alteration;1274,94;No_Mutation;
P21;BRAF;V600E;343,273;Missense_Mutation;
P21;PTEN;no alteration;1422,68;No_Mutation;
P21;STK11;E375*;597,087;Nonsense_Mutation;
P22;BRAF;V600E;95,9559;Missense_Mutation;
P22;PTEN;no alteration;2081,99;No_Mutation;
P22;STK11;no alteration;1536,03;No_Mutation;
P23;BRAF;V600K;226,43;Missense_Mutation;
P23;PTEN;no alteration;184,077;No_Mutation;
P23;STK11;no alteration;994,502;No_Mutation;
P24;BRAF;V600E;338,741;Missense_Mutation;
P24;PTEN;no alteration;571,295;No_Mutation;
P24;STK11;no alteration;1121,17;No_Mutation;
P25;BRAF;V600R;257,357;Missense_Mutation;
P25;PTEN;no alteration;1338,69;No_Mutation;
P25;STK11;no alteration;860,431;No_Mutation;
P26;BRAF;H574Y;103,182;Missense_Mutation;
P26;PTEN;no alteration;977,216;No_Mutation;
P26;STK11;no alteration;1184,78;No_Mutation;
P27;BRAF;V600E;103,8;Missense_Mutation;
P27;PTEN;no alteration;215,014;No_Mutation;
P27;STK11;no alteration;1292,25;No_Mutation;
P28;BRAF;V600E;132,609;Missense_Mutation;
P28;PTEN;no alteration;1218,3;No_Mutation;
P28;STK11;no alteration;1376,13;No_Mutation;
P29;BRAF;V600E;106,131;Missense_Mutation;
P29;PTEN;no alteration;297,327;No_Mutation;
P29;STK11;no alteration;1401,97;No_Mutation;
P30;BRAF;V600E;247,177;Missense_Mutation;
P30;PTEN;no alteration;1003,23;No_Mutation;
P30;STK11;no alteration;2072,58;No_Mutation;
P31;BRAF;V600K;202,167;Missense_Mutation;
P31;PTEN;no alteration;324,419;No_Mutation;
P31;STK11;no alteration;905,618;No_Mutation;
P32;BRAF;V600E;229,232;Missense_Mutation;
P32;PTEN;no alteration;4207,5;No_Mutation;
P32;STK11;no alteration;910,62;No_Mutation;
P33;BRAF;L485F;135,399;Missense_Mutation;
P33;PTEN;Y177F;236,434;Missense_Mutation;
P33;STK11;no alteration;1193,82;No_Mutation;
P34;BRAF;R662S;121,918;Missense_Mutation;
P34;PTEN;I8T;2024,32;Missense_Mutation;
P34;STK11;no alteration;2156,7;No_Mutation;
P35;BRAF;V600E;182,862;Missense_Mutation;
P35;PTEN;G165E;1596,77;Missense_Mutation;
P35;STK11;no alteration;985,736;No_Mutation;
P36;BRAF;V600E;425,727;Missense_Mutation;
P36;PTEN;no alteration;635,439;No_Mutation;
P36;STK11;no alteration;989,543;No_Mutation;
P37;BRAF;V600E;197,188;Missense_Mutation;
P37;PTEN;no alteration;1112,47;No_Mutation;
P37;STK11;no alteration;1154,29;No_Mutation;
P38;BRAF;N581T;171,863;Missense_Mutation;
P38;PTEN;no alteration;826,966;No_Mutation;
P38;STK11;no alteration;1204,39;No_Mutation;
P39;BRAF;C251R;156,392;Missense_Mutation;
P39;PTEN;H272Y;1256,19;Missense_Mutation;
P39;STK11;no alteration;1300,68;No_Mutation;
P40;BRAF;V600E;237,776;Missense_Mutation;
P40;PTEN;no alteration;916,587;No_Mutation;
P40;STK11;no alteration;973,634;No_Mutation;
P41;BRAF;H235Y;287,9;Missense_Mutation;
P41;PTEN;no alteration;1060,85;No_Mutation;
P41;STK11;no alteration;513,167;No_Mutation;
P42;BRAF;V600E;168,785;Missense_Mutation;
P42;PTEN;no alteration;1689,2;No_Mutation;
P42;STK11;no alteration;1035,72;No_Mutation;
P43;BRAF;V600E;263,649;Missense_Mutation;
P43;PTEN;no alteration;1630,83;No_Mutation;
P43;STK11;no alteration;561,252;No_Mutation;
P44;BRAF;V600K;103,233;Missense_Mutation;
P44;PTEN;no alteration;2294,58;No_Mutation;
P44;STK11;no alteration;1765,9;No_Mutation;
P45;BRAF;V600E;147,559;Missense_Mutation;
P45;PTEN;no alteration;1622,86;No_Mutation;
P45;STK11;no alteration;1063,87;No_Mutation;
P46;BRAF;V600E;634,502;Missense_Mutation;
P46;PTEN;no alteration;5136,13;No_Mutation;
P46;STK11;no alteration;1151,95;No_Mutation;
P47;BRAF;V600E;96,6005;Missense_Mutation;
P47;PTEN;no alteration;115,62;No_Mutation;
P47;STK11;no alteration;1312,87;No_Mutation;
P48;BRAF;V600E;46,8939;Missense_Mutation;
P48;PTEN;no alteration;1991,78;No_Mutation;
P48;STK11;no alteration;1461,93;No_Mutation;
P49;BRAF;V600E;158,197;Missense_Mutation;
P49;PTEN;no alteration;181,02;No_Mutation;
P49;STK11;no alteration;1115,19;No_Mutation;
P50;BRAF;V600E;239,012;Missense_Mutation;
P50;PTEN;R74Tfs*3;632,526;Frame_Shift_Del;
P50;STK11;no alteration;1353,99;No_Mutation;
P51;BRAF;V600E;187,851;Missense_Mutation;
P51;PTEN;no alteration;2151,19;No_Mutation;
P51;STK11;no alteration;985,491;No_Mutation;
P52;BRAF;N581H;205,516;Missense_Mutation;
P52;PTEN;no alteration;3055,61;No_Mutation;
P52;STK11;no alteration;1205,07;No_Mutation;
P53;BRAF;V600E;90,4324;Missense_Mutation;
P53;PTEN;no alteration;1660,53;No_Mutation;
P53;STK11;no alteration;1492,38;No_Mutation;
P54;BRAF;V600E;185,207;Missense_Mutation;
P54;PTEN;no alteration;660,745;No_Mutation;
P54;STK11;no alteration;934,77;No_Mutation;
P55;BRAF;V600E;126,709;Missense_Mutation;
P55;PTEN;no alteration;12,4446;No_Mutation;
P55;STK11;no alteration;2538,7;No_Mutation;
P56;BRAF;N581S;243,224;Missense_Mutation;
P56;PTEN;no alteration;1854,65;No_Mutation;
P56;STK11;no alteration;756,431;No_Mutation;
P57;BRAF;V600E;207,182;Missense_Mutation;
P57;PTEN;no alteration;736,648;No_Mutation;
P57;STK11;no alteration;525,322;No_Mutation;
P58;BRAF;V600E;223,243;Missense_Mutation;
P58;PTEN;no alteration;2993,3;No_Mutation;
P58;STK11;no alteration;1061,83;No_Mutation;
P59;BRAF;V600E;108,743;Missense_Mutation;
P59;PTEN;X70_splice;2523,05;Splice_Site;
P59;STK11;no alteration;1654,2;No_Mutation;
P60;BRAF;V600E;133,526;Missense_Mutation;
P60;PTEN;P38S;1812,73;Missense_Mutation;
P60;STK11;no alteration;1893,76;No_Mutation;
P61;BRAF;V600E;174,012;Missense_Mutation;
P61;PTEN;no alteration;305,943;No_Mutation;
P61;STK11;no alteration;1056,3;No_Mutation;
P62;BRAF;V600E;135,345;Missense_Mutation;
P62;PTEN;no alteration;1355,89;No_Mutation;
P62;STK11;no alteration;1005,71;No_Mutation;
P63;BRAF;V600K;190,024;Missense_Mutation;
P63;PTEN;no alteration;1556,5;No_Mutation;
P63;STK11;no alteration;806,244;No_Mutation;
P64;BRAF;V600K;99,5527;Missense_Mutation;
P64;PTEN;no alteration;426,515;No_Mutation;
P64;STK11;no alteration;1506,63;No_Mutation;
P65;BRAF;V600E;124,637;Missense_Mutation;
P65;PTEN;no alteration;244,753;No_Mutation;
P65;STK11;no alteration;701,001;No_Mutation;
P66;BRAF;V600E;289,024;Missense_Mutation;
P66;PTEN;no alteration;1904,15;No_Mutation;
P66;STK11;no alteration;938,901;No_Mutation;
P67;BRAF;V600E;333,453;Missense_Mutation;
P67;PTEN;no alteration;1383,45;No_Mutation;
P67;STK11;no alteration;1071,22;No_Mutation;
P68;BRAF;V600E;107,665;Missense_Mutation;
P68;PTEN;no alteration;720,072;No_Mutation;
P68;STK11;no alteration;1618,56;No_Mutation;
P69;BRAF;V600E;345,722;Missense_Mutation;
P69;PTEN;no alteration;3148,43;No_Mutation;
P69;STK11;no alteration;995,792;No_Mutation;
P70;BRAF;V600E;137,775;Missense_Mutation;
P70;PTEN;no alteration;1444,72;No_Mutation;
P70;STK11;no alteration;996,512;No_Mutation;
P71;BRAF;V600E;215,432;Missense_Mutation;
P71;PTEN;no alteration;1974,37;No_Mutation;
P71;STK11;no alteration;929,597;No_Mutation;
P72;BRAF;V600E;213,032;Missense_Mutation;
P72;PTEN;no alteration;119,717;No_Mutation;
P72;STK11;no alteration;1008,37;No_Mutation;
P73;BRAF;V600E;338,056;Missense_Mutation;
P73;PTEN;no alteration;1339,24;No_Mutation;
P73;STK11;no alteration;722,678;No_Mutation;
P74;BRAF;S467L;84,0373;Missense_Mutation;
P74;PTEN;no alteration;752,334;No_Mutation;
P74;STK11;no alteration;2048,91;No_Mutation;
P75;BRAF;S467L;104,651;Missense_Mutation;
P75;PTEN;no alteration;1349,96;No_Mutation;
P75;STK11;no alteration;1197,3;No_Mutation;
P76;BRAF;V600K;255,926;Missense_Mutation;
P76;PTEN;no alteration;456,118;No_Mutation;
P76;STK11;no alteration;1977,58;No_Mutation;
P77;BRAF;V600E;113,533;Missense_Mutation;
P77;PTEN;no alteration;1441,91;No_Mutation;
P77;STK11;no alteration;1084,87;No_Mutation;
P78;BRAF;V600E;112,084;Missense_Mutation;
P78;PTEN;no alteration;1031,52;No_Mutation;
P78;STK11;no alteration;1352,01;No_Mutation;
P79;BRAF;V600E;82,8068;Missense_Mutation;
P79;PTEN;no alteration;708,16;No_Mutation;
P79;STK11;no alteration;1579,78;No_Mutation;
P80;BRAF;V600E;338,817;Missense_Mutation;
P80;PTEN;V166Sfs*14;1993,95;Frame_Shift_Ins;
P80;STK11;no alteration;1087;No_Mutation;
P81;BRAF;V600E;81,4629;Missense_Mutation;
P81;PTEN;no alteration;2241,1;No_Mutation;
P81;STK11;no alteration;1555,07;No_Mutation;
P82;BRAF;V600E;122,406;Missense_Mutation;
P82;PTEN;no alteration;2098,46;No_Mutation;
P82;STK11;no alteration;805,748;No_Mutation;
P83;BRAF;V600K;122,977;Missense_Mutation;
P83;PTEN;G156V;482,56;Missense_Mutation;
P83;STK11;no alteration;1581,09;No_Mutation;
P84;BRAF;V600E;134,298;Missense_Mutation;
P84;PTEN;no alteration;1658,89;No_Mutation;
P84;STK11;no alteration;1108,49;No_Mutation;
P85;BRAF;V600E;275,16;Missense_Mutation;
P85;PTEN;no alteration;555,039;No_Mutation;
P85;STK11;no alteration;842,586;No_Mutation;
P86;BRAF;K601E;348,91;Missense_Mutation;
P86;PTEN;no alteration;809,079;No_Mutation;
P86;STK11;no alteration;1096,57;No_Mutation;
P87;BRAF;V600K;264,743;Missense_Mutation;
P87;PTEN;W274*;713,879;Nonsense_Mutation;
P87;STK11;no alteration;1088,28;No_Mutation;
P88;BRAF;V600E;163,604;Missense_Mutation;
P88;PTEN;no alteration;1300,47;No_Mutation;
P88;STK11;no alteration;1660,76;No_Mutation;
P89;BRAF;V600E;364,315;Missense_Mutation;
P89;PTEN;X212_splice;2719,67;Splice_Region;
P89;STK11;no alteration;431,878;No_Mutation;
P90;BRAF;V600E;150,849;Missense_Mutation;
P90;PTEN;no alteration;133,533;No_Mutation;
P90;STK11;no alteration;1275,72;No_Mutation;
P91;BRAF;V600E;67,2269;Missense_Mutation;
P91;PTEN;no alteration;1041,49;No_Mutation;
P91;STK11;no alteration;1313,55;No_Mutation;
P92;BRAF;V600R;406,929;Missense_Mutation;
P92;PTEN;no alteration;888,213;No_Mutation;
P92;STK11;no alteration;1116,35;No_Mutation;
P93;BRAF;V600K;253,872;Missense_Mutation;
P93;PTEN;P246L;1243,38;Missense_Mutation;
P93;PTEN;P246S;;Missense_Mutation;
P94;STK11;no alteration;796,511;No_Mutation;
P94;BRAF;V600E;239,539;Missense_Mutation;
P94;PTEN;no alteration;170,017;No_Mutation;
P95;STK11;no alteration;503,13;No_Mutation;
P95;BRAF;V600E;279,541;Missense_Mutation;
P95;PTEN;no alteration;1987,31;No_Mutation;
P96;STK11;no alteration;727,662;No_Mutation;
P96;BRAF;V600E;413,37;Missense_Mutation;
P96;PTEN;no alteration;939,478;No_Mutation;
P97;STK11;no alteration;849,288;No_Mutation;
P97;BRAF;V600E;302,224;Missense_Mutation;
P97;PTEN;no alteration;1722,52;No_Mutation;
P98;STK11;no alteration;643,282;No_Mutation;
P98;BRAF;V600E;249,436;Missense_Mutation;
P98;PTEN;no alteration;1866,82;No_Mutation;
P99;STK11;no alteration;904,063;No_Mutation;
P99;BRAF;V600E;191,278;Missense_Mutation;
P99;PTEN;no alteration;1277,47;No_Mutation;
P100;STK11;no alteration;1237,64;No_Mutation;
P100;BRAF;V600E;103,741;Missense_Mutation;
P100;PTEN;no alteration;181,546;No_Mutation;
P101;STK11;no alteration;1249,88;No_Mutation;
P101;BRAF;V600E;105,359;Missense_Mutation;
P101;PTEN;no alteration;414,169;No_Mutation;
P102;STK11;no alteration;1332,43;No_Mutation;
P102;BRAF;V600E;186,484;Missense_Mutation;
P102;PTEN;no alteration;1430,28;No_Mutation;
P103;STK11;no alteration;1099,8;No_Mutation;
P103;BRAF;V600E;156,069;Missense_Mutation;
P103;PTEN;no alteration;1000,34;No_Mutation;
P104;STK11;no alteration;1004,42;No_Mutation;
P104;BRAF;G466V;106,301;Missense_Mutation;
P104;PTEN;no alteration;2113,66;No_Mutation;
P105;STK11;no alteration;926,96;No_Mutation;
P105;BRAF;G466E;124,165;Missense_Mutation;
P105;PTEN;no alteration;3029,08;No_Mutation;
P106;STK11;no alteration;780,354;No_Mutation;
P106;BRAF;V600E;326,199;Missense_Mutation;
P106;PTEN;no alteration;1027,74;No_Mutation;
P107;STK11;no alteration;781,609;No_Mutation;
P107;BRAF;V600E;217,526;Missense_Mutation;
P107;PTEN;no alteration;221,993;No_Mutation;
P108;STK11;no alteration;993,127;No_Mutation;
P108;BRAF;V600E;95,9813;Missense_Mutation;
P108;PTEN;no alteration;1294,19;No_Mutation;
P109;STK11;no alteration;969,957;No_Mutation;
P109;BRAF;V600K;175,164;Missense_Mutation;
P109;PTEN;no alteration;253,243;No_Mutation;
P110;STK11;no alteration;1241,04;No_Mutation;
P110;BRAF;V600K;211,856;Missense_Mutation;
P110;PTEN;no alteration;614,674;No_Mutation;
P111;STK11;no alteration;1473,28;No_Mutation;
P111;BRAF;V600E;97,3154;Missense_Mutation;
P111;PTEN;no alteration;992,543;No_Mutation;
P112;STK11;no alteration;1041,39;No_Mutation;
P112;BRAF;V600E;179,112;Missense_Mutation;
P112;PTEN;V290Sfs*8;789,157;Frame_Shift_Ins;
P113;STK11;no alteration;1288,75;No_Mutation;
P113;BRAF;V600E;190,766;Missense_Mutation;
P113;PTEN;no alteration;1227,64;No_Mutation;
P114;STK11;no alteration;1092,34;No_Mutation;
P114;BRAF;V600E;154,181;Missense_Mutation;
P114;PTEN;E43K;154,181;Missense_Mutation;
P115;STK11;no alteration;725,723;No_Mutation;
P115;BRAF;V600E;94,2672;Missense_Mutation;
P115;PTEN;no alteration;1114,55;No_Mutation;
P116;STK11;no alteration;1019,4;No_Mutation;
P116;BRAF;V600E;191,461;Missense_Mutation;
P116;PTEN;Y46*;929,73;Frame_Shift_Del;
P117;STK11;no alteration;1438,38;No_Mutation;
P117;BRAF;G469R;123,308;Missense_Mutation;
P117;PTEN;Y29S;1147,87;Missense_Mutation;
P118;STK11;no alteration;1411,53;No_Mutation;
P118;BRAF;V600K;182,453;Missense_Mutation;
P118;PTEN;no alteration;877,036;No_Mutation;
P119;STK11;no alteration;498,172;No_Mutation;
P119;BRAF;X506_splice;110,705;Splice_Site;
P119;PTEN;no alteration;2167,15;No_Mutation;
P120;STK11;no alteration;1156,18;No_Mutation;
P120;BRAF;V600E;275,634;Missense_Mutation;
P120;PTEN;no alteration;2499,04;No_Mutation;
P121;STK11;no alteration;889,568;No_Mutation;
P121;BRAF;V600E;291,667;Missense_Mutation;
P121;PTEN;no alteration;973,724;No_Mutation;
P122;STK11;no alteration;1569,07;No_Mutation;
P122;BRAF;V600E;216,359;Missense_Mutation;
P122;PTEN;no alteration;1270,2;No_Mutation;
P123;STK11;no alteration;1072,48;No_Mutation;
P123;BRAF;V600E;141,871;Missense_Mutation;
P123;PTEN;no alteration;1127,43;No_Mutation;
P124;STK11;no alteration;1255,49;No_Mutation;
P124;BRAF;V600E;673,464;Missense_Mutation;
P124;PTEN;no alteration;1465,51;No_Mutation;
P125;STK11;V236A;897,952;Missense_Mutation;
P125;BRAF;K601E;142,387;Missense_Mutation;
P125;PTEN;no alteration;1096,67;No_Mutation;
P126;STK11;no alteration;1028,4;No_Mutation;
P126;BRAF;V600E;3,876;Missense_Mutation;
P126;PTEN;Q298*;1106,43;Nonsense_Mutation;
P127;STK11;no alteration;2453,49;No_Mutation;
P127;BRAF;V600E;499,829;Missense_Mutation;
P127;PTEN;no alteration;1031,45;No_Mutation;
P128;STK11;no alteration;479,658;No_Mutation;
P128;BRAF;V600E;202,262;Missense_Mutation;
P128;PTEN;no alteration;1033,06;No_Mutation;
P129;STK11;no alteration;614,18;No_Mutation;
P129;BRAF;V600E;247,768;Missense_Mutation;
P129;PTEN;no alteration;1138,83;No_Mutation;
P130;STK11;no alteration;1104,62;No_Mutation;
P130;BRAF;V600E;164,605;Missense_Mutation;
P130;PTEN;no alteration;1127,85;No_Mutation;
P131;STK11;no alteration;982,607;No_Mutation;
P131;BRAF;V600E;144,022;Missense_Mutation;
P131;PTEN;no alteration;144,928;No_Mutation;
P132;STK11;no alteration;1271,44;No_Mutation;
P132;BRAF;K601E;341,698;Missense_Mutation;
P132;PTEN;no alteration;1797,87;No_Mutation;
P133;STK11;no alteration;861,464;No_Mutation;
P133;BRAF;V600K;130,316;Missense_Mutation;
P133;PTEN;no alteration;1987,97;No_Mutation;
P134;STK11;no alteration;1179,84;No_Mutation;
P134;BRAF;V600K;93,157;Missense_Mutation;
P134;PTEN;no alteration;727,43;No_Mutation;
P135;STK11;no alteration;1221,39;No_Mutation;
P135;BRAF;V600K;145,554;Missense_Mutation;
P135;PTEN;no alteration;2867,87;No_Mutation;
P136;STK11;no alteration;1186,24;No_Mutation;
P136;BRAF;V600E;304,888;Missense_Mutation;
P136;PTEN;no alteration;2249,58;No_Mutation;
P137;STK11;no alteration;1105,04;No_Mutation;
P137;BRAF;V600E;122,659;Missense_Mutation;
P137;PTEN;C136R;2039,01;Missense_Mutation;
P138;STK11;no alteration;1118,91;No_Mutation;
P138;BRAF;V600E;126,093;Missense_Mutation;
P138;PTEN;no alteration;1261,48;No_Mutation;
P139;STK11;Q112*;366,664;Nonsense_Mutation;
P139;BRAF;V600E;226,148;Missense_Mutation;
P139;PTEN;no alteration;1862,29;No_Mutation;
P140;STK11;no alteration;1035,24;No_Mutation;
P140;BRAF;V600E;187,541;Missense_Mutation;
P140;PTEN;no alteration;1213,82;No_Mutation;
P141;STK11;no alteration;964,958;No_Mutation;
P141;BRAF;V600E;207,577;Missense_Mutation;
P141;PTEN;no alteration;753,588;No_Mutation;
P142;STK11;G196V;397,47;Missense_Mutation;
P142;BRAF;V600E;186,923;Missense_Mutation;
P142;PTEN;X342_splice;1280,34;Splice_Site;
P143;STK11;no alteration;1157,56;No_Mutation;
P143;BRAF;V600K;56,9573;Missense_Mutation;
P143;PTEN;K125Vfs*10;808,273;Frame_Shift_Ins;
P144;STK11;no alteration;1145,14;No_Mutation;
P144;BRAF;V600E;135,47;Missense_Mutation;
P144;PTEN;F257L;1325,61;Missense_Mutation;
P145;STK11;no alteration;982,384;No_Mutation;
P145;BRAF;V600K;223,756;Missense_Mutation;
P145;PTEN;no alteration;934,832;No_Mutation;
P146;STK11;no alteration;1142,86;No_Mutation;
P146;BRAF;V600K;268,315;Missense_Mutation;
P146;PTEN;no alteration;658,728;No_Mutation;
P147;STK11;L344M;1380,16;Missense_Mutation;
P147;BRAF;N486_P490del;135,162;In_Frame_Del;
P147;PTEN;no alteration;820,449;No_Mutation;
P148;STK11;no alteration;1420,95;No_Mutation;
P148;BRAF;V600E;130,999;Missense_Mutation;
P148;PTEN;no alteration;142,611;No_Mutation;
P149;STK11;no alteration;1025,49;No_Mutation;
P149;BRAF;V600E;242,871;Missense_Mutation;
P149;PTEN;no alteration;1526,18;No_Mutation;
P150;STK11;no alteration;951,968;No_Mutation;
P150;BRAF;V600E;161,983;Missense_Mutation;
P150;PTEN;P38S;1566,35;Missense_Mutation;
P151;PTEN;P38L;;Missense_Mutation;
P151;STK11;no alteration;1056,21;No_Mutation;
P151;BRAF;H725Y;47,2536;Missense_Mutation;
P152;PTEN;no alteration;1882,88;No_Mutation;
P152;STK11;no alteration;1123,99;No_Mutation;
P152;BRAF;V600E;81,0289;Missense_Mutation;
P153;PTEN;no alteration;1448,23;No_Mutation;
P153;STK11;no alteration;1008,36;No_Mutation;
P153;BRAF;V600E;73,4807;Missense_Mutation;
P154;PTEN;no alteration;388,398;No_Mutation;
P154;STK11;no alteration;1975,69;No_Mutation;
P154;BRAF;M438I;196,12;Missense_Mutation;
P155;PTEN;no alteration;1606,35;No_Mutation;
P155;STK11;no alteration;1167,55;No_Mutation;
P155;BRAF;V600E;112,011;Missense_Mutation;
P156;PTEN;no alteration;2423,92;No_Mutation;
P156;STK11;no alteration;895,399;No_Mutation;
P156;BRAF;V600E;112,011;Missense_Mutation;
P157;PTEN;no alteration;2423,92;No_Mutation;
P157;STK11;no alteration;895,399;No_Mutation;
P157;BRAF;V600E;64,0837;Missense_Mutation;
P158;PTEN;no alteration;380,579;No_Mutation;
P158;STK11;no alteration;1623,67;No_Mutation;
P158;BRAF;V600E;171,563;Missense_Mutation;
P159;PTEN;no alteration;1606,82;No_Mutation;
P159;STK11;no alteration;1067,83;No_Mutation;
P159;BRAF;V600E;186,671;Missense_Mutation;
P160;PTEN;no alteration;1448,83;No_Mutation;
P160;STK11;no alteration;626,318;No_Mutation;
P160;BRAF;V600E;183,744;Missense_Mutation;
P161;PTEN;no alteration;1096,3;No_Mutation;
P161;STK11;no alteration;1005,01;No_Mutation;
P161;BRAF;V600E;134,992;Missense_Mutation;
P162;PTEN;no alteration;1364,6;No_Mutation;
P162;STK11;no alteration;942,44;No_Mutation;
P162;BRAF;L597Q;263,27;Missense_Mutation;
P163;PTEN;no alteration;2978,39;No_Mutation;
P163;STK11;G251C;215,834;Missense_Mutation;
P163;BRAF;V600E;239,468;Missense_Mutation;
P164;PTEN;no alteration;1149;No_Mutation;
P164;STK11;no alteration;643,015;No_Mutation;
P164;BRAF;V600E;345,78;Missense_Mutation;
P165;PTEN;no alteration;1410,48;No_Mutation;
P165;STK11;no alteration;784,024;No_Mutation;
P165;BRAF;K601E;348,056;Missense_Mutation;
P166;PTEN;no alteration;1544,88;No_Mutation;
P166;STK11;no alteration;1140,65;No_Mutation;
P166;BRAF;V600K;237,329;Missense_Mutation;
P167;PTEN;no alteration;1047,87;No_Mutation;
P167;STK11;no alteration;1391,79;No_Mutation;
P167;BRAF;V600E;169,297;Missense_Mutation;
P168;PTEN;P38S;1090,29;Missense_Mutation;
P168;;no alteration;722,808;No_Mutation;
P168;BRAF;V600E;196,188;Missense_Mutation;
P169;PTEN;no alteration;1854,75;No_Mutation;
P169;STK11;no alteration;859,412;No_Mutation;
P169;BRAF;V600K;148,551;Missense_Mutation;
P170;PTEN;no alteration;1565,22;No_Mutation;
P170;STK11;no alteration;2039,4;No_Mutation;
P170;BRAF;V600E;268,896;Missense_Mutation;
P171;PTEN;no alteration;2826,25;No_Mutation;
P171;STK11;no alteration;1663,88;No_Mutation;
P171;BRAF;V600E;117,3;Missense_Mutation;
P172;PTEN;no alteration;1102,85;No_Mutation;
P172;STK11;no alteration;1045,04;No_Mutation;
P172;BRAF;V600E;73,7156;Missense_Mutation;
P173;PTEN;no alteration;1331,35;No_Mutation;
P173;STK11;no alteration;1342,52;No_Mutation;
P173;BRAF;V600E;93,5002;Missense_Mutation;
P174;PTEN;no alteration;1345,5;No_Mutation;
P174;STK11;no alteration;1237,4;No_Mutation;
P174;BRAF;V600E;117,23;Missense_Mutation;
P175;PTEN;no alteration;1556,71;No_Mutation;
P175;STK11;no alteration;1239,91;No_Mutation;
P175;BRAF;V600E;255,589;Missense_Mutation;
P176;PTEN;no alteration;1258,92;No_Mutation;
P176;STK11;no alteration;1108,93;No_Mutation;
P176;BRAF;V600K;292,187;Missense_Mutation;
P177;PTEN;R234Hfs*23;1216,85;Frame_Shift_Ins;
P177;STK11;no alteration;1069,27;No_Mutation;
P177;BRAF;V600E;124,959;Missense_Mutation;
P178;PTEN;no alteration;220,208;No_Mutation;
P178;STK11;no alteration;1226;No_Mutation;
P178;BRAF;V600E;232,516;Missense_Mutation;
P179;PTEN;no alteration;144,636;No_Mutation;
P179;STK11;no alteration;720,615;No_Mutation;
P179;BRAF;V600E;233,906;Missense_Mutation;
P180;PTEN;no alteration;1317,42;No_Mutation;
P180;STK11;no alteration;1704,47;No_Mutation;
P180;BRAF;V600E;424,46;Missense_Mutation;
P181;PTEN;no alteration;810,299;No_Mutation;
P181;STK11;no alteration;413,425;No_Mutation;
P181;BRAF;V600E;74,9477;Missense_Mutation;
P182;PTEN;no alteration;884,181;No_Mutation;
P182;STK11;no alteration;951,532;No_Mutation;
P182;BRAF;V600K;242,636;Missense_Mutation;
P183;PTEN;no alteration;2047,67;No_Mutation;
P183;STK11;no alteration;750,388;No_Mutation;
P183;BRAF;P348T;153,1;Missense_Mutation;
P184;PTEN;no alteration;2206,39;No_Mutation;
P184;STK11;no alteration;591,213;No_Mutation;
P184;BRAF;V600K;103,896;Missense_Mutation;
P185;PTEN;no alteration;305,807;No_Mutation;
P185;STK11;no alteration;1805,44;No_Mutation;
P185;BRAF;G466E;145,3;Missense_Mutation;
P186;PTEN;no alteration;1458,78;No_Mutation;
P186;STK11;no alteration;877,584;No_Mutation;
P186;BRAF;V600E;109,178;Missense_Mutation;
P187;PTEN;no alteration;555,442;No_Mutation;
P187;STK11;no alteration;1703,17;No_Mutation;
P187;BRAF;V600E;226,991;Missense_Mutation;
P188;PTEN;V275_N276insI;1841,52;In_Frame_Ins;
P188;STK11;no alteration;1411,06;No_Mutation;
P188;BRAF;V600E;231,323;Missense_Mutation;
P189;PTEN;no alteration;76,4222;No_Mutation;
P189;STK11;no alteration;1343,73;No_Mutation;
P189;BRAF;V600E;120,748;Missense_Mutation;
P190;PTEN;no alteration;383,787;No_Mutation;
P190;STK11;no alteration;984,694;No_Mutation;
P190;BRAF;V600E;105,221;Missense_Mutation;
P191;PTEN;Q87*;751,819;Nonsense_Mutation;
P191;STK11;no alteration;808,835;No_Mutation;
P191;BRAF;D594N;191,311;Missense_Mutation;
P192;PTEN;no alteration;2224,75;No_Mutation;
P192;STK11;no alteration;752,912;No_Mutation;
P192;BRAF;V600E;244,048;Missense_Mutation;
P193;PTEN;no alteration;1301,69;No_Mutation;
P193;STK11;no alteration;577,381;No_Mutation;
P193;BRAF;G466E;219,534;Missense_Mutation;
P194;PTEN;no alteration;1594,98;No_Mutation;
P194;STK11;no alteration;934,588;No_Mutation;
P194;BRAF;V600E;108,125;Missense_Mutation;
P195;PTEN;no alteration;680,625;No_Mutation;
P195;STK11;no alteration;1183,75;No_Mutation;
P195;BRAF;V600E;59,8802;Missense_Mutation;
P196;PTEN;no alteration;1857,55;No_Mutation;
P196;STK11;no alteration;208,005;No_Mutation;
P196;BRAF;V600E;402,865;Missense_Mutation;
P197;PTEN;no alteration;1362,19;No_Mutation;
P197;STK11;no alteration;538,889;No_Mutation;
P197;BRAF;V600_K601delinsE;130,827;In_Frame_Del;
P198;PTEN;no alteration;348,872;No_Mutation;
P198;STK11;no alteration;1230,08;No_Mutation;
P198;BRAF;R726C;78,9211;Missense_Mutation;
P199;PTEN;no alteration;660,839;No_Mutation;
P199;STK11;no alteration;1384,62;No_Mutation;
P199;BRAF;V600E;82,5026;Missense_Mutation;
P200;PTEN;no alteration;944,196;No_Mutation;
P200;STK11;no alteration;1378,71;No_Mutation;
P200;BRAF;V600E;283,871;Missense_Mutation;
P201;PTEN;no alteration;209,351;No_Mutation;
P201;STK11;no alteration;879,449;No_Mutation;
P201;BRAF;V600E;164,138;Missense_Mutation;
P202;PTEN;no alteration;294,685;No_Mutation;
P202;STK11;no alteration;2179,98;No_Mutation;
P202;BRAF;V600E;40,9836;Missense_Mutation;
P203;PTEN;no alteration;1246,33;No_Mutation;
P203;STK11;no alteration;731,665;No_Mutation;
P203;BRAF;V600K;149,072;Missense_Mutation;
P204;PTEN;no alteration;1212,73;No_Mutation;
P204;STK11;no alteration;1239,79;No_Mutation;
P204;BRAF;G469A;108,518;Missense_Mutation;
P205;PTEN;no alteration;1727,1;No_Mutation;
P205;STK11;no alteration;1193,7;No_Mutation;
P205;BRAF;V600E;235,903;Missense_Mutation;
P206;PTEN;no alteration;1137,14;No_Mutation;
P206;STK11;no alteration;897,031;No_Mutation;
P206;BRAF;V600E;229,469;Missense_Mutation;
P207;PTEN;no alteration;1573,27;No_Mutation;
P207;STK11;no alteration;1266,51;No_Mutation;
P207;BRAF;V600K;262,848;Missense_Mutation;
P208;PTEN;no alteration;1775,7;No_Mutation;
P208;STK11;no alteration;895,075;No_Mutation;
P208;BRAF;V600K;113,51;Missense_Mutation;
P209;PTEN;no alteration;1252,54;No_Mutation;
P209;STK11;no alteration;971,541;No_Mutation;
P209;BRAF;V600E;88,0317;Missense_Mutation;
P210;PTEN;no alteration;1035,61;No_Mutation;
P210;STK11;no alteration;1441,15;No_Mutation;
P210;BRAF;V600E;222,159;Missense_Mutation;
P211;PTEN;no alteration;911,319;No_Mutation;
P211;STK11;no alteration;1386,46;No_Mutation;
P211;BRAF;V600E;217,742;Missense_Mutation;
P212;PTEN;D153Rfs*27;786,325;Frame_Shift_Ins;
P212;STK11;no alteration;678,315;No_Mutation;
P212;BRAF;V600E;84,6809;Missense_Mutation;
P213;PTEN;no alteration;927,234;No_Mutation;
P213;STK11;no alteration;909,787;No_Mutation;
P213;BRAF;V600E;178,764;Missense_Mutation;
P214;PTEN;no alteration;1566,72;No_Mutation;
P214;STK11;no alteration;1283,36;No_Mutation;
P214;BRAF;V600K;165,27;Missense_Mutation;
P215;PTEN;no alteration;803,884;No_Mutation;
P215;STK11;no alteration;591,394;No_Mutation;
P215;BRAF;V600K;194,714;Missense_Mutation;
P216;PTEN;no alteration;2178;No_Mutation;
P216;STK11;no alteration;735,328;No_Mutation;
P216;BRAF;V600E;244,688;Missense_Mutation;
P217;PTEN;no alteration;1467,79;No_Mutation;
P217;STK11;no alteration;1415,35;No_Mutation;
P217;BRAF;V600K;235,871;Missense_Mutation;
P218;PTEN;no alteration;872,158;No_Mutation;
P218;STK11;no alteration;686,48;No_Mutation;
P218;BRAF;V600K;173,66;Missense_Mutation;
P219;PTEN;L320Yfs*6;644,806;Frame_Shift_Ins;
P219;STK11;no alteration;1522,53;No_Mutation;
P219;BRAF;P318S;78,815;Missense_Mutation;
P220;PTEN;no alteration;1153,16;No_Mutation;
P220;STK11;no alteration;1046,39;No_Mutation;
P220;BRAF;V600E;211,436;Missense_Mutation;
P221;PTEN;no alteration;908,78;No_Mutation;
P221;STK11;no alteration;879,964;No_Mutation;
P221;BRAF;V600E;139,287;Missense_Mutation;
P222;PTEN;Q298*;1326,26;Nonsense_Mutation;
P222;STK11;no alteration;1445,63;No_Mutation;
P222;BRAF;V600E;214,088;Missense_Mutation;
P223;PTEN;no alteration;1349,82;No_Mutation;
P223;STK11;no alteration;1280,97;No_Mutation;
P223;BRAF;Y566C;361,974;Missense_Mutation;
P224;PTEN;no alteration;1580,97;No_Mutation;
P224;STK11;no alteration;713,451;No_Mutation;
P224;BRAF;G469R;175,649;Missense_Mutation;
P225;PTEN;no alteration;1310,86;No_Mutation;
P225;STK11;no alteration;966,068;No_Mutation;
P225;BRAF;G466E;238,439;Missense_Mutation;
P226;PTEN;no alteration;1117,77;No_Mutation;
P226;STK11;no alteration;1438,58;No_Mutation;
P226;BRAF;S467L;295,286;Missense_Mutation;
P227;PTEN;no alteration;3337,04;No_Mutation;
P227;STK11;no alteration;966,667;No_Mutation;
P227;BRAF;H725Y;181,726;Missense_Mutation;
P228;PTEN;no alteration;1842,89;No_Mutation;
P228;STK11;no alteration;1103,84;No_Mutation;
P228;BRAF;V600R;203,694;Missense_Mutation;
P229;PTEN;no alteration;769,112;No_Mutation;
P229;STK11;no alteration;741,919;No_Mutation;
P229;BRAF;S467L;230,999;Missense_Mutation;
P230;PTEN;no alteration;2178,84;No_Mutation;
P230;STK11;no alteration;482,861;No_Mutation;
P230;BRAF;AGK-BRAF Fusion;151,865;fusion;
P231;PTEN;no alteration;389,127;No_Mutation;
P231;STK11;no alteration;1489,16;No_Mutation;
P231;BRAF;ATG7-BRAF Fusion;483,386;fusion;
P232;PTEN;L108F;846,992;Missense_Mutation;
P232;STK11;no alteration;723,764;No_Mutation;
P232;BRAF;CDC27-BRAF Fusion;171,729;fusion;
P233;PTEN;no alteration;748,076;No_Mutation;
P233;STK11;no alteration;1276,23;No_Mutation;
P233;BRAF;TAX1BP1-BRAF Fusion;298,345;fusion;
P234;PTEN;G293*;1746,55;Nonsense_Mutation;
P234;STK11;no alteration;679,451;No_Mutation;
P234;BRAF;LOW;122,787;No_Mutation;
P235;PTEN;C105G;1119,05;Missense_Mutation;
P235;STK11;HIGH;1701,31;No_Mutation;
P235;BRAF;HIGH;348,302;No_Mutation;
P236;PTEN;X342_splice;871,221;Splice_Site;
P236;STK11;no alteration;613,542;No_Mutation;
P236;BRAF;no alteration;76,694;No_Mutation;
P237;PTEN;G251V;2956,5;Missense_Mutation;
P237;STK11;HIGH;2391,66;No_Mutation;
P237;BRAF;no alteration;205,976;No_Mutation;
P238;PTEN;V166Sfs*14;605,821;Frame_Shift_Ins;
P238;STK11;no alteration;1006,05;No_Mutation;
P238;BRAF;no alteration;135,823;No_Mutation;
P239;PTEN;E256*;887,519;Nonsense_Mutation;
P239;STK11;no alteration;1723,4;No_Mutation;
P239;BRAF;no alteration;71,5343;No_Mutation;
P240;PTEN;N63Tfs*36;1208,9;Frame_Shift_Del;
P240;STK11;no alteration;1589,05;No_Mutation;
P240;BRAF;no alteration;169,405;No_Mutation;
P241;PTEN;Y178*;948,071;Nonsense_Mutation;
P241;STK11;no alteration;1250,07;No_Mutation;
P241;BRAF;no alteration;203,356;No_Mutation;
P242;PTEN;M264R;1924,06;Missense_Mutation;
P242;STK11;no alteration;1259,67;No_Mutation;
P242;BRAF;no alteration;286,012;No_Mutation;
P243;PTEN;no alteration;770,355;No_Mutation;
P243;STK11;G242W;558,903;Missense_Mutation;
P243;BRAF;no alteration;90,727;No_Mutation;
P244;PTEN;no alteration;1034,06;No_Mutation;
P244;STK11;S193F;838,58;Missense_Mutation;
P244;BRAF;no alteration;59,7681;No_Mutation;
P245;PTEN;no alteration;460,303;No_Mutation;
P245;STK11;L117Rfs*43;507,582;Frame_Shift_Del;
P245;BRAF;V600E;166,976;Missense_Mutation;
P246;PTEN;no alteration;1870,35;No_Mutation;
P246;STK11;E357*;1413,28;Nonsense_Mutation;
P246;STK11;G91W;;Missense_Mutation;
P247;STK11;F366L;;Missense_Mutation;
;;;;;
;;;;;
;;;;;
;;;;;
;;;;;
;;;;;
;;;;;
;;;;;
;;;;;
;;;;;
;;;;;
;;;;;
;;;;;
;;;;;
;;;;;
